직업,직업각인,공통각인,공통각인 비중
디스트로이어,분노의 망치,바리케이드,100.0
디스트로이어,분노의 망치,원한,99.23
디스트로이어,분노의 망치,결투의 대가,98.07
디스트로이어,분노의 망치,슈퍼 차지,97.12
디스트로이어,분노의 망치,저주받은 인형,80.39
디스트로이어,분노의 망치,마나 효율 증가,9.95
디스트로이어,분노의 망치,아드레날린,9.19
디스트로이어,분노의 망치,안정된 상태,7.87
디스트로이어,분노의 망치,선수필승,6.05
디스트로이어,분노의 망치,정기 흡수,4.59
디스트로이어,분노의 망치,승부사,4.52
디스트로이어,분노의 망치,예리한 둔기,3.28
디스트로이어,분노의 망치,돌격대장,1.75
디스트로이어,분노의 망치,시선 집중,1.28
디스트로이어,분노의 망치,마나의 흐름,0.98
디스트로이어,분노의 망치,에테르 포식자,0.84
디스트로이어,분노의 망치,정밀 단도,0.73
디스트로이어,분노의 망치,각성,0.44
디스트로이어,분노의 망치,중갑 착용,0.33
디스트로이어,분노의 망치,질량 증가,0.26
디스트로이어,중력 수련,바리케이드,100.0
디스트로이어,중력 수련,원한,98.0
디스트로이어,중력 수련,결투의 대가,94.37
디스트로이어,중력 수련,저주받은 인형,88.03
디스트로이어,중력 수련,예리한 둔기,58.69
디스트로이어,중력 수련,안정된 상태,34.86
디스트로이어,중력 수련,정기 흡수,14.79
디스트로이어,중력 수련,정밀 단도,6.34
디스트로이어,중력 수련,선수필승,3.52
디스트로이어,중력 수련,슈퍼 차지,3.05
디스트로이어,중력 수련,승부사,2.7
디스트로이어,중력 수련,중갑 착용,1.06
디스트로이어,중력 수련,에테르 포식자,0.82
디스트로이어,중력 수련,돌격대장,0.82
디스트로이어,중력 수련,각성,0.7
디스트로이어,중력 수련,불굴,0.7
디스트로이어,중력 수련,마나 효율 증가,0.59
디스트로이어,중력 수련,아드레날린,0.59
디스트로이어,중력 수련,마나의 흐름,0.47
디스트로이어,중력 수련,질량 증가,0.23
버서커,광기,달인의 저력,100.0
버서커,광기,예리한 둔기,98.77
버서커,광기,돌격대장,98.68
버서커,광기,원한,97.58
버서커,광기,저주받은 인형,79.77
버서커,광기,마나 효율 증가,17.76
버서커,광기,질량 증가,4.34
버서커,광기,선수필승,3.74
버서커,광기,아드레날린,3.24
버서커,광기,승부사,1.87
버서커,광기,에테르 포식자,1.51
버서커,광기,정기 흡수,1.28
버서커,광기,안정된 상태,0.37
버서커,광기,중갑 착용,0.32
버서커,광기,공격속도 감소,0.27
버서커,광기,불굴,0.23
버서커,광기,기습의 대가,0.18
버서커,광기,정밀 단도,0.18
버서커,광기,마나의 흐름,0.18
버서커,광기,번개의 분노,0.14
버서커,광전사의 비기,돌격대장,100.0
버서커,광전사의 비기,예리한 둔기,99.56
버서커,광전사의 비기,원한,99.35
버서커,광전사의 비기,저주받은 인형,96.3
버서커,광전사의 비기,안정된 상태,43.36
버서커,광전사의 비기,질량 증가,42.05
버서커,광전사의 비기,아드레날린,8.28
버서커,광전사의 비기,에테르 포식자,4.58
버서커,광전사의 비기,기습의 대가,4.14
버서커,광전사의 비기,마나 효율 증가,1.53
버서커,광전사의 비기,선수필승,1.31
버서커,광전사의 비기,승부사,1.09
버서커,광전사의 비기,달인의 저력,0.87
버서커,광전사의 비기,정기 흡수,0.87
버서커,광전사의 비기,중갑 착용,0.44
버서커,광전사의 비기,불굴,0.44
버서커,광전사의 비기,각성,0.22
버서커,광전사의 비기,마나의 흐름,0.22
버서커,광전사의 비기,굳은 의지,0.22
버서커,광전사의 비기,슈퍼 차지,0.22
슬레이어,포식자,돌격대장,100.0
슬레이어,포식자,원한,97.6
슬레이어,포식자,기습의 대가,93.04
슬레이어,포식자,질량 증가,84.64
슬레이어,포식자,아드레날린,82.55
슬레이어,포식자,저주받은 인형,28.95
슬레이어,포식자,마나 효율 증가,6.66
슬레이어,포식자,선수필승,6.08
슬레이어,포식자,예리한 둔기,5.25
슬레이어,포식자,승부사,3.35
슬레이어,포식자,안정된 상태,3.03
슬레이어,포식자,정기 흡수,2.07
슬레이어,포식자,마나의 흐름,0.86
슬레이어,포식자,중갑 착용,0.81
슬레이어,포식자,에테르 포식자,0.43
슬레이어,포식자,정밀 단도,0.23
슬레이어,포식자,불굴,0.1
슬레이어,포식자,공격속도 감소,0.1
슬레이어,포식자,방어력 감소,0.1
슬레이어,포식자,강령술,0.08
슬레이어,처단자,원한,100.0
슬레이어,처단자,돌격대장,97.05
슬레이어,처단자,기습의 대가,90.07
슬레이어,처단자,아드레날린,89.99
슬레이어,처단자,저주받은 인형,55.13
슬레이어,처단자,예리한 둔기,52.26
슬레이어,처단자,질량 증가,12.8
슬레이어,처단자,안정된 상태,2.38
슬레이어,처단자,에테르 포식자,1.07
슬레이어,처단자,선수필승,0.9
슬레이어,처단자,승부사,0.49
슬레이어,처단자,정기 흡수,0.49
슬레이어,처단자,정밀 단도,0.41
슬레이어,처단자,마나 효율 증가,0.33
슬레이어,처단자,약자 무시,0.16
슬레이어,처단자,공격속도 감소,0.08
슬레이어,처단자,방어력 감소,0.08
슬레이어,처단자,마나의 흐름,0.08
슬레이어,처단자,중갑 착용,0.08
워로드,전투 태세,아드레날린,100.0
워로드,전투 태세,원한,99.62
워로드,전투 태세,바리케이드,97.82
워로드,전투 태세,예리한 둔기,92.4
워로드,전투 태세,저주받은 인형,78.56
워로드,전투 태세,안정된 상태,28.23
워로드,전투 태세,마나 효율 증가,9.31
워로드,전투 태세,선수필승,5.29
워로드,전투 태세,정기 흡수,3.32
워로드,전투 태세,승부사,2.99
워로드,전투 태세,슈퍼 차지,1.54
워로드,전투 태세,정밀 단도,1.09
워로드,전투 태세,에테르 포식자,0.81
워로드,전투 태세,마나의 흐름,0.76
워로드,전투 태세,급소 타격,0.62
워로드,전투 태세,중갑 착용,0.52
워로드,전투 태세,결투의 대가,0.5
워로드,전투 태세,돌격대장,0.5
워로드,전투 태세,질량 증가,0.31
워로드,전투 태세,각성,0.31
워로드,고독한 기사,슈퍼 차지,100.0
워로드,고독한 기사,원한,98.51
워로드,고독한 기사,결투의 대가,96.32
워로드,고독한 기사,저주받은 인형,80.66
워로드,고독한 기사,바리케이드,74.4
워로드,고독한 기사,마나 효율 증가,24.08
워로드,고독한 기사,아드레날린,17.42
워로드,고독한 기사,안정된 상태,7.88
워로드,고독한 기사,선수필승,6.53
워로드,고독한 기사,예리한 둔기,4.41
워로드,고독한 기사,승부사,3.74
워로드,고독한 기사,정기 흡수,3.17
워로드,고독한 기사,돌격대장,1.3
워로드,고독한 기사,질량 증가,0.62
워로드,고독한 기사,급소 타격,0.54
워로드,고독한 기사,중갑 착용,0.49
워로드,고독한 기사,각성,0.43
워로드,고독한 기사,정밀 단도,0.43
워로드,고독한 기사,마나의 흐름,0.43
워로드,고독한 기사,에테르 포식자,0.43
홀리나이트,축복의 오라,각성,100.0
홀리나이트,축복의 오라,마나의 흐름,99.74
홀리나이트,축복의 오라,전문의,99.02
홀리나이트,축복의 오라,급소 타격,87.11
홀리나이트,축복의 오라,구슬동자,82.91
홀리나이트,축복의 오라,중갑 착용,21.02
홀리나이트,축복의 오라,최대 마나 증가,4.63
홀리나이트,축복의 오라,폭발물 전문가,2.3
홀리나이트,축복의 오라,위기 모면,1.96
홀리나이트,축복의 오라,저주받은 인형,1.32
홀리나이트,축복의 오라,예리한 둔기,1.18
홀리나이트,축복의 오라,선수필승,1.16
홀리나이트,축복의 오라,원한,1.04
홀리나이트,축복의 오라,승부사,0.88
홀리나이트,축복의 오라,아드레날린,0.86
홀리나이트,축복의 오라,마나 효율 증가,0.8
홀리나이트,축복의 오라,돌격대장,0.74
홀리나이트,축복의 오라,정기 흡수,0.6
홀리나이트,축복의 오라,기습의 대가,0.54
홀리나이트,축복의 오라,분쇄의 주먹,0.42
홀리나이트,심판자,저주받은 인형,100.0
홀리나이트,심판자,예리한 둔기,83.47
홀리나이트,심판자,선수필승,81.07
홀리나이트,심판자,원한,68.08
홀리나이트,심판자,아드레날린,64.83
홀리나이트,심판자,돌격대장,58.33
홀리나이트,심판자,승부사,56.92
홀리나이트,심판자,마나 효율 증가,55.37
홀리나이트,심판자,마나의 흐름,43.93
홀리나이트,심판자,각성,40.4
홀리나이트,심판자,기습의 대가,38.84
홀리나이트,심판자,안정된 상태,32.49
홀리나이트,심판자,전문의,31.36
홀리나이트,심판자,급소 타격,26.98
홀리나이트,심판자,구슬동자,25.28
홀리나이트,심판자,정기 흡수,21.89
홀리나이트,심판자,중갑 착용,15.96
홀리나이트,심판자,질량 증가,13.14
홀리나이트,심판자,정밀 단도,4.38
홀리나이트,심판자,번개의 분노,3.95
기공사,세맥타통,아드레날린,100.0
기공사,세맥타통,원한,97.33
기공사,세맥타통,저주받은 인형,93.96
기공사,세맥타통,정밀 단도,64.28
기공사,세맥타통,질량 증가,63.0
기공사,세맥타통,안정된 상태,35.88
기공사,세맥타통,예리한 둔기,27.39
기공사,세맥타통,돌격대장,17.01
기공사,세맥타통,선수필승,6.32
기공사,세맥타통,승부사,3.91
기공사,세맥타통,정기 흡수,3.64
기공사,세맥타통,에테르 포식자,2.32
기공사,세맥타통,중갑 착용,0.62
기공사,세맥타통,타격의 대가,0.35
기공사,세맥타통,마나의 흐름,0.23
기공사,세맥타통,번개의 분노,0.19
기공사,세맥타통,약자 무시,0.19
기공사,세맥타통,강령술,0.15
기공사,세맥타통,방어력 감소,0.15
기공사,세맥타통,기습의 대가,0.12
기공사,역천지체,아드레날린,100.0
기공사,역천지체,원한,100.0
기공사,역천지체,예리한 둔기,96.72
기공사,역천지체,저주받은 인형,92.35
기공사,역천지체,질량 증가,85.25
기공사,역천지체,안정된 상태,12.7
기공사,역천지체,정밀 단도,12.02
기공사,역천지체,에테르 포식자,3.01
기공사,역천지체,선수필승,1.78
기공사,역천지체,돌격대장,1.64
기공사,역천지체,정기 흡수,1.09
기공사,역천지체,승부사,0.96
기공사,역천지체,중갑 착용,0.55
기공사,역천지체,타격의 대가,0.55
기공사,역천지체,각성,0.41
기공사,역천지체,이동속도 감소,0.14
기공사,역천지체,약자 무시,0.14
기공사,역천지체,방어력 감소,0.14
기공사,역천지체,위기 모면,0.14
기공사,역천지체,급소 타격,0.14
배틀마스터,오의 강화,예리한 둔기,100.0
배틀마스터,오의 강화,아드레날린,99.79
배틀마스터,오의 강화,원한,98.22
배틀마스터,오의 강화,돌격대장,97.37
배틀마스터,오의 강화,저주받은 인형,78.2
배틀마스터,오의 강화,질량 증가,20.19
배틀마스터,오의 강화,안정된 상태,6.12
배틀마스터,오의 강화,선수필승,4.39
배틀마스터,오의 강화,승부사,2.76
배틀마스터,오의 강화,정기 흡수,1.93
배틀마스터,오의 강화,에테르 포식자,1.5
배틀마스터,오의 강화,중갑 착용,0.69
배틀마스터,오의 강화,정밀 단도,0.6
배틀마스터,오의 강화,마나의 흐름,0.58
배틀마스터,오의 강화,마나 효율 증가,0.3
배틀마스터,오의 강화,번개의 분노,0.19
배틀마스터,오의 강화,방어력 감소,0.09
배틀마스터,오의 강화,각성,0.09
배틀마스터,오의 강화,급소 타격,0.09
배틀마스터,오의 강화,여신의 가호,0.09
배틀마스터,초심,돌격대장,100.0
배틀마스터,초심,아드레날린,94.73
배틀마스터,초심,원한,93.07
배틀마스터,초심,예리한 둔기,89.15
배틀마스터,초심,질량 증가,70.92
배틀마스터,초심,저주받은 인형,29.38
배틀마스터,초심,선수필승,9.99
배틀마스터,초심,마나 효율 증가,7.63
배틀마스터,초심,승부사,6.68
배틀마스터,초심,정기 흡수,5.07
배틀마스터,초심,안정된 상태,2.66
배틀마스터,초심,중갑 착용,2.31
배틀마스터,초심,마나의 흐름,1.81
배틀마스터,초심,에테르 포식자,0.65
배틀마스터,초심,번개의 분노,0.6
배틀마스터,초심,정밀 단도,0.5
배틀마스터,초심,기습의 대가,0.45
배틀마스터,초심,속전속결,0.35
배틀마스터,초심,불굴,0.35
배틀마스터,초심,각성,0.3
브레이커,수라의 길,아드레날린,100.0
브레이커,수라의 길,원한,99.08
브레이커,수라의 길,결투의 대가,97.07
브레이커,수라의 길,돌격대장,96.6
브레이커,수라의 길,예리한 둔기,95.21
브레이커,수라의 길,저주받은 인형,11.07
브레이커,수라의 길,선수필승,3.47
브레이커,수라의 길,안정된 상태,2.5
브레이커,수라의 길,승부사,2.33
브레이커,수라의 길,정기 흡수,2.03
브레이커,수라의 길,슈퍼 차지,1.09
브레이커,수라의 길,중갑 착용,0.69
브레이커,수라의 길,질량 증가,0.36
브레이커,수라의 길,에테르 포식자,0.36
브레이커,수라의 길,각성,0.33
브레이커,수라의 길,정밀 단도,0.31
브레이커,수라의 길,타격의 대가,0.2
브레이커,수라의 길,마나의 흐름,0.2
브레이커,수라의 길,속전속결,0.2
브레이커,수라의 길,번개의 분노,0.14
브레이커,권왕파천무,아드레날린,100.0
브레이커,권왕파천무,예리한 둔기,99.78
브레이커,권왕파천무,원한,97.44
브레이커,권왕파천무,슈퍼 차지,92.73
브레이커,권왕파천무,저주받은 인형,90.03
브레이커,권왕파천무,타격의 대가,8.36
브레이커,권왕파천무,선수필승,7.27
브레이커,권왕파천무,안정된 상태,6.66
브레이커,권왕파천무,승부사,5.34
브레이커,권왕파천무,돌격대장,4.9
브레이커,권왕파천무,정기 흡수,4.44
브레이커,권왕파천무,결투의 대가,1.37
브레이커,권왕파천무,에테르 포식자,1.15
브레이커,권왕파천무,질량 증가,1.05
브레이커,권왕파천무,중갑 착용,0.8
브레이커,권왕파천무,속전속결,0.49
브레이커,권왕파천무,마나의 흐름,0.41
브레이커,권왕파천무,정밀 단도,0.41
브레이커,권왕파천무,각성,0.39
브레이커,권왕파천무,번개의 분노,0.17
스트라이커,일격필살,원한,100.0
스트라이커,일격필살,아드레날린,99.53
스트라이커,일격필살,슈퍼 차지,92.21
스트라이커,일격필살,기습의 대가,84.28
스트라이커,일격필살,저주받은 인형,66.99
스트라이커,일격필살,예리한 둔기,56.77
스트라이커,일격필살,선수필승,2.04
스트라이커,일격필살,안정된 상태,1.87
스트라이커,일격필살,승부사,1.41
스트라이커,일격필살,질량 증가,1.19
스트라이커,일격필살,정기 흡수,1.15
스트라이커,일격필살,돌격대장,0.94
스트라이커,일격필살,에테르 포식자,0.85
스트라이커,일격필살,정밀 단도,0.43
스트라이커,일격필살,중갑 착용,0.34
스트라이커,일격필살,마나의 흐름,0.17
스트라이커,일격필살,이동속도 감소,0.13
스트라이커,일격필살,불굴,0.09
스트라이커,일격필살,시선 집중,0.09
스트라이커,일격필살,공격속도 감소,0.09
스트라이커,오의난무,원한,100.0
스트라이커,오의난무,기습의 대가,97.69
스트라이커,오의난무,저주받은 인형,94.06
스트라이커,오의난무,아드레날린,79.91
스트라이커,오의난무,예리한 둔기,70.91
스트라이커,오의난무,질량 증가,62.7
스트라이커,오의난무,선수필승,13.73
스트라이커,오의난무,돌격대장,11.36
스트라이커,오의난무,승부사,9.63
스트라이커,오의난무,정기 흡수,8.0
스트라이커,오의난무,슈퍼 차지,5.31
스트라이커,오의난무,안정된 상태,3.95
스트라이커,오의난무,중갑 착용,2.37
스트라이커,오의난무,에테르 포식자,1.68
스트라이커,오의난무,마나의 흐름,1.26
스트라이커,오의난무,마나 효율 증가,0.63
스트라이커,오의난무,정밀 단도,0.47
스트라이커,오의난무,번개의 분노,0.42
스트라이커,오의난무,각성,0.32
스트라이커,오의난무,강령술,0.21
인파이터,극의 : 체술,아드레날린,100.0
인파이터,극의 : 체술,원한,98.16
인파이터,극의 : 체술,기습의 대가,97.09
인파이터,극의 : 체술,예리한 둔기,82.56
인파이터,극의 : 체술,저주받은 인형,63.25
인파이터,극의 : 체술,돌격대장,53.69
인파이터,극의 : 체술,선수필승,5.2
인파이터,극의 : 체술,안정된 상태,4.75
인파이터,극의 : 체술,승부사,3.55
인파이터,극의 : 체술,정기 흡수,2.5
인파이터,극의 : 체술,질량 증가,1.75
인파이터,극의 : 체술,중갑 착용,0.91
인파이터,극의 : 체술,에테르 포식자,0.89
인파이터,극의 : 체술,번개의 분노,0.25
인파이터,극의 : 체술,마나의 흐름,0.25
인파이터,극의 : 체술,정밀 단도,0.23
인파이터,극의 : 체술,불굴,0.21
인파이터,극의 : 체술,방어력 감소,0.17
인파이터,극의 : 체술,굳은 의지,0.12
인파이터,극의 : 체술,긴급구조,0.12
인파이터,충격 단련,아드레날린,100.0
인파이터,충격 단련,원한,98.51
인파이터,충격 단련,예리한 둔기,98.51
인파이터,충격 단련,기습의 대가,96.9
인파이터,충격 단련,저주받은 인형,96.28
인파이터,충격 단련,선수필승,5.95
인파이터,충격 단련,안정된 상태,5.7
인파이터,충격 단련,승부사,4.09
인파이터,충격 단련,정기 흡수,3.35
인파이터,충격 단련,돌격대장,3.22
인파이터,충격 단련,중갑 착용,1.61
인파이터,충격 단련,에테르 포식자,1.49
인파이터,충격 단련,정밀 단도,1.36
인파이터,충격 단련,질량 증가,0.87
인파이터,충격 단련,번개의 분노,0.37
인파이터,충격 단련,방어력 감소,0.37
인파이터,충격 단련,이동속도 감소,0.25
인파이터,충격 단련,굳은 의지,0.12
인파이터,충격 단련,여신의 가호,0.12
인파이터,충격 단련,불굴,0.12
창술사,절정,돌격대장,100.0
창술사,절정,원한,99.02
창술사,절정,저주받은 인형,95.06
창술사,절정,기습의 대가,88.68
창술사,절정,마나 효율 증가,47.51
창술사,절정,질량 증가,31.45
창술사,절정,안정된 상태,24.61
창술사,절정,아드레날린,8.9
창술사,절정,예리한 둔기,2.69
창술사,절정,에테르 포식자,2.37
창술사,절정,선수필승,2.18
창술사,절정,승부사,1.44
창술사,절정,정기 흡수,1.03
창술사,절정,중갑 착용,0.46
창술사,절정,마나의 흐름,0.21
창술사,절정,속전속결,0.14
창술사,절정,불굴,0.12
창술사,절정,방어력 감소,0.07
창술사,절정,급소 타격,0.07
창술사,절정,굳은 의지,0.05
창술사,절제,돌격대장,100.0
창술사,절제,원한,78.82
창술사,절제,저주받은 인형,76.04
창술사,절제,아드레날린,71.23
창술사,절제,기습의 대가,62.35
창술사,절제,선수필승,27.81
창술사,절제,예리한 둔기,25.24
창술사,절제,질량 증가,19.14
창술사,절제,승부사,18.82
창술사,절제,마나 효율 증가,17.75
창술사,절제,정기 흡수,11.55
창술사,절제,안정된 상태,9.63
창술사,절제,마나의 흐름,3.53
창술사,절제,중갑 착용,3.53
창술사,절제,에테르 포식자,1.28
창술사,절제,번개의 분노,1.18
창술사,절제,불굴,0.75
창술사,절제,속전속결,0.64
창술사,절제,각성,0.53
창술사,절제,정밀 단도,0.53
건슬링어,없음,예리한 둔기,100.0
건슬링어,없음,아드레날린,99.5
건슬링어,없음,원한,97.66
건슬링어,없음,저주받은 인형,91.99
건슬링어,없음,타격의 대가,88.02
건슬링어,없음,마나 효율 증가,11.7
건슬링어,없음,안정된 상태,6.3
건슬링어,없음,선수필승,5.35
건슬링어,없음,정기 흡수,3.87
건슬링어,없음,승부사,3.3
건슬링어,없음,에테르 포식자,2.92
건슬링어,없음,돌격대장,2.21
건슬링어,없음,질량 증가,2.13
건슬링어,없음,중갑 착용,1.9
건슬링어,없음,마나의 흐름,1.26
건슬링어,없음,굳은 의지,0.16
건슬링어,없음,번개의 분노,0.14
건슬링어,없음,이동속도 감소,0.14
건슬링어,없음,각성,0.14
건슬링어,없음,약자 무시,0.13
건슬링어,사냥의 시간,원한,100.0
건슬링어,사냥의 시간,예리한 둔기,99.74
건슬링어,사냥의 시간,아드레날린,97.14
건슬링어,사냥의 시간,타격의 대가,85.45
건슬링어,사냥의 시간,저주받은 인형,80.52
건슬링어,사냥의 시간,돌격대장,15.84
건슬링어,사냥의 시간,안정된 상태,12.99
건슬링어,사냥의 시간,질량 증가,7.79
건슬링어,사냥의 시간,에테르 포식자,6.75
건슬링어,사냥의 시간,마나 효율 증가,5.71
건슬링어,사냥의 시간,정기 흡수,3.38
건슬링어,사냥의 시간,선수필승,3.38
건슬링어,사냥의 시간,승부사,1.56
건슬링어,사냥의 시간,중갑 착용,1.3
건슬링어,사냥의 시간,정밀 단도,1.04
건슬링어,사냥의 시간,약자 무시,0.52
건슬링어,사냥의 시간,마나의 흐름,0.52
건슬링어,사냥의 시간,구슬동자,0.26
건슬링어,사냥의 시간,속전속결,0.26
건슬링어,사냥의 시간,번개의 분노,0.26
데빌헌터,전술 탄환,원한,100.0
데빌헌터,전술 탄환,기습의 대가,98.26
데빌헌터,전술 탄환,예리한 둔기,93.53
데빌헌터,전술 탄환,저주받은 인형,86.94
데빌헌터,전술 탄환,아드레날린,84.6
데빌헌터,전술 탄환,마나 효율 증가,28.78
데빌헌터,전술 탄환,질량 증가,7.18
데빌헌터,전술 탄환,안정된 상태,4.79
데빌헌터,전술 탄환,선수필승,2.5
데빌헌터,전술 탄환,정기 흡수,2.07
데빌헌터,전술 탄환,승부사,1.74
데빌헌터,전술 탄환,돌격대장,1.36
데빌헌터,전술 탄환,에테르 포식자,1.03
데빌헌터,전술 탄환,마나의 흐름,0.54
데빌헌터,전술 탄환,정밀 단도,0.44
데빌헌터,전술 탄환,중갑 착용,0.33
데빌헌터,전술 탄환,불굴,0.11
데빌헌터,전술 탄환,긴급구조,0.11
데빌헌터,전술 탄환,번개의 분노,0.11
데빌헌터,전술 탄환,굳은 의지,0.05
데빌헌터,핸드 거너,아드레날린,100.0
데빌헌터,핸드 거너,저주받은 인형,91.87
데빌헌터,핸드 거너,원한,91.87
데빌헌터,핸드 거너,정밀 단도,70.89
데빌헌터,핸드 거너,질량 증가,64.27
데빌헌터,핸드 거너,안정된 상태,25.14
데빌헌터,핸드 거너,돌격대장,17.39
데빌헌터,핸드 거너,선수필승,14.74
데빌헌터,핸드 거너,추진력,13.04
데빌헌터,핸드 거너,정기 흡수,11.34
데빌헌터,핸드 거너,승부사,10.02
데빌헌터,핸드 거너,예리한 둔기,9.64
데빌헌터,핸드 거너,마나 효율 증가,6.99
데빌헌터,핸드 거너,에테르 포식자,6.05
데빌헌터,핸드 거너,기습의 대가,5.1
데빌헌터,핸드 거너,중갑 착용,3.78
데빌헌터,핸드 거너,마나의 흐름,3.59
데빌헌터,핸드 거너,번개의 분노,0.38
데빌헌터,핸드 거너,긴급구조,0.38
데빌헌터,핸드 거너,최대 마나 증가,0.19
블래스터,포격 강화,예리한 둔기,100.0
블래스터,포격 강화,원한,100.0
블래스터,포격 강화,아드레날린,99.21
블래스터,포격 강화,저주받은 인형,75.52
블래스터,포격 강화,속전속결,63.16
블래스터,포격 강화,타격의 대가,56.29
블래스터,포격 강화,안정된 상태,7.19
블래스터,포격 강화,선수필승,1.91
블래스터,포격 강화,승부사,1.37
블래스터,포격 강화,에테르 포식자,1.19
블래스터,포격 강화,정기 흡수,1.11
블래스터,포격 강화,질량 증가,0.65
블래스터,포격 강화,중갑 착용,0.47
블래스터,포격 강화,바리케이드,0.43
블래스터,포격 강화,돌격대장,0.43
블래스터,포격 강화,마나 효율 증가,0.4
블래스터,포격 강화,정밀 단도,0.36
블래스터,포격 강화,마나의 흐름,0.22
블래스터,포격 강화,이동속도 감소,0.11
블래스터,포격 강화,불굴,0.07
블래스터,화력 강화,예리한 둔기,100.0
블래스터,화력 강화,아드레날린,95.85
블래스터,화력 강화,원한,90.55
블래스터,화력 강화,저주받은 인형,86.64
블래스터,화력 강화,타격의 대가,84.1
블래스터,화력 강화,선수필승,28.34
블래스터,화력 강화,돌격대장,21.66
블래스터,화력 강화,승부사,17.28
블래스터,화력 강화,마나 효율 증가,17.05
블래스터,화력 강화,정기 흡수,12.9
블래스터,화력 강화,안정된 상태,10.14
블래스터,화력 강화,속전속결,7.37
블래스터,화력 강화,중갑 착용,4.15
블래스터,화력 강화,질량 증가,3.23
블래스터,화력 강화,에테르 포식자,3.23
블래스터,화력 강화,마나의 흐름,2.76
블래스터,화력 강화,정밀 단도,2.53
블래스터,화력 강화,번개의 분노,0.92
블래스터,화력 강화,바리케이드,0.69
블래스터,화력 강화,굳은 의지,0.69
스카우터,진화의 유산,아드레날린,100.0
스카우터,진화의 유산,원한,99.14
스카우터,진화의 유산,돌격대장,98.01
스카우터,진화의 유산,예리한 둔기,94.48
스카우터,진화의 유산,바리케이드,87.34
스카우터,진화의 유산,저주받은 인형,12.7
스카우터,진화의 유산,안정된 상태,6.83
스카우터,진화의 유산,선수필승,1.72
스카우터,진화의 유산,질량 증가,1.27
스카우터,진화의 유산,승부사,1.27
스카우터,진화의 유산,에테르 포식자,0.68
스카우터,진화의 유산,정기 흡수,0.45
스카우터,진화의 유산,중갑 착용,0.32
스카우터,진화의 유산,타격의 대가,0.23
스카우터,진화의 유산,정밀 단도,0.23
스카우터,진화의 유산,방어력 감소,0.18
스카우터,진화의 유산,이동속도 감소,0.14
스카우터,진화의 유산,약자 무시,0.09
스카우터,진화의 유산,마나의 흐름,0.09
스카우터,진화의 유산,굳은 의지,0.05
스카우터,아르데타인의 기술,돌격대장,100.0
스카우터,아르데타인의 기술,예리한 둔기,95.31
스카우터,아르데타인의 기술,아드레날린,95.19
스카우터,아르데타인의 기술,원한,91.86
스카우터,아르데타인의 기술,질량 증가,84.96
스카우터,아르데타인의 기술,저주받은 인형,11.96
스카우터,아르데타인의 기술,선수필승,10.6
스카우터,아르데타인의 기술,승부사,8.26
스카우터,아르데타인의 기술,바리케이드,6.29
스카우터,아르데타인의 기술,정기 흡수,4.93
스카우터,아르데타인의 기술,안정된 상태,4.07
스카우터,아르데타인의 기술,중갑 착용,2.47
스카우터,아르데타인의 기술,마나의 흐름,1.48
스카우터,아르데타인의 기술,에테르 포식자,1.11
스카우터,아르데타인의 기술,타격의 대가,0.74
스카우터,아르데타인의 기술,각성,0.49
스카우터,아르데타인의 기술,굳은 의지,0.37
스카우터,아르데타인의 기술,불굴,0.37
스카우터,아르데타인의 기술,전문의,0.25
스카우터,아르데타인의 기술,번개의 분노,0.25
호크아이,죽음의 습격,아드레날린,100.0
호크아이,죽음의 습격,원한,99.77
호크아이,죽음의 습격,저주받은 인형,96.67
호크아이,죽음의 습격,예리한 둔기,92.44
호크아이,죽음의 습격,타격의 대가,91.92
호크아이,죽음의 습격,안정된 상태,10.85
호크아이,죽음의 습격,돌격대장,3.9
호크아이,죽음의 습격,에테르 포식자,2.49
호크아이,죽음의 습격,질량 증가,2.44
호크아이,죽음의 습격,선수필승,1.17
호크아이,죽음의 습격,정기 흡수,0.94
호크아이,죽음의 습격,마나 효율 증가,0.94
호크아이,죽음의 습격,승부사,0.7
호크아이,죽음의 습격,정밀 단도,0.61
호크아이,죽음의 습격,중갑 착용,0.38
호크아이,죽음의 습격,공격속도 감소,0.19
호크아이,죽음의 습격,마나의 흐름,0.14
호크아이,죽음의 습격,위기 모면,0.14
호크아이,죽음의 습격,각성,0.09
호크아이,죽음의 습격,속전속결,0.09
호크아이,두 번째 동료,예리한 둔기,100.0
호크아이,두 번째 동료,원한,99.46
호크아이,두 번째 동료,아드레날린,98.25
호크아이,두 번째 동료,저주받은 인형,82.66
호크아이,두 번째 동료,타격의 대가,75.67
호크아이,두 번째 동료,돌격대장,67.88
호크아이,두 번째 동료,선수필승,19.22
호크아이,두 번째 동료,승부사,12.5
호크아이,두 번째 동료,안정된 상태,8.47
호크아이,두 번째 동료,정기 흡수,7.8
호크아이,두 번째 동료,질량 증가,7.39
호크아이,두 번째 동료,에테르 포식자,4.44
호크아이,두 번째 동료,마나 효율 증가,4.17
호크아이,두 번째 동료,중갑 착용,2.15
호크아이,두 번째 동료,마나의 흐름,1.75
호크아이,두 번째 동료,각성,1.75
호크아이,두 번째 동료,정밀 단도,1.08
호크아이,두 번째 동료,번개의 분노,0.54
호크아이,두 번째 동료,불굴,0.4
호크아이,두 번째 동료,이동속도 감소,0.27
바드,절실한 구원,각성,100.0
바드,절실한 구원,마나의 흐름,98.62
바드,절실한 구원,전문의,93.58
바드,절실한 구원,중갑 착용,68.08
바드,절실한 구원,구슬동자,61.21
바드,절실한 구원,최대 마나 증가,52.93
바드,절실한 구원,급소 타격,21.59
바드,절실한 구원,정기 흡수,2.05
바드,절실한 구원,폭발물 전문가,1.34
바드,절실한 구원,선수필승,1.32
바드,절실한 구원,저주받은 인형,1.15
바드,절실한 구원,아드레날린,1.09
바드,절실한 구원,승부사,0.88
바드,절실한 구원,돌격대장,0.88
바드,절실한 구원,예리한 둔기,0.88
바드,절실한 구원,원한,0.83
바드,절실한 구원,마나 효율 증가,0.5
바드,절실한 구원,위기 모면,0.49
바드,절실한 구원,방어력 감소,0.37
바드,절실한 구원,안정된 상태,0.29
바드,진실된 용맹,저주받은 인형,100.0
바드,진실된 용맹,선수필승,99.69
바드,진실된 용맹,아드레날린,90.79
바드,진실된 용맹,예리한 둔기,80.01
바드,진실된 용맹,돌격대장,70.11
바드,진실된 용맹,승부사,69.99
바드,진실된 용맹,원한,60.09
바드,진실된 용맹,마나의 흐름,52.32
바드,진실된 용맹,각성,49.37
바드,진실된 용맹,중갑 착용,44.17
바드,진실된 용맹,마나 효율 증가,39.04
바드,진실된 용맹,전문의,35.03
바드,진실된 용맹,구슬동자,22.49
바드,진실된 용맹,안정된 상태,22.18
바드,진실된 용맹,정기 흡수,21.12
바드,진실된 용맹,최대 마나 증가,18.98
바드,진실된 용맹,타격의 대가,17.54
바드,진실된 용맹,질량 증가,15.41
바드,진실된 용맹,급소 타격,8.96
바드,진실된 용맹,정밀 단도,4.51
서머너,상급 소환사,예리한 둔기,100.0
서머너,상급 소환사,아드레날린,99.34
서머너,상급 소환사,원한,98.79
서머너,상급 소환사,타격의 대가,96.0
서머너,상급 소환사,저주받은 인형,92.79
서머너,상급 소환사,안정된 상태,6.6
서머너,상급 소환사,에테르 포식자,4.0
서머너,상급 소환사,선수필승,2.84
서머너,상급 소환사,돌격대장,2.21
서머너,상급 소환사,정기 흡수,1.97
서머너,상급 소환사,승부사,1.63
서머너,상급 소환사,정밀 단도,0.97
서머너,상급 소환사,질량 증가,0.92
서머너,상급 소환사,중갑 착용,0.92
서머너,상급 소환사,마나의 흐름,0.5
서머너,상급 소환사,마나 효율 증가,0.26
서머너,상급 소환사,속전속결,0.18
서머너,상급 소환사,불굴,0.16
서머너,상급 소환사,이동속도 감소,0.16
서머너,상급 소환사,굳은 의지,0.13
서머너,넘치는 교감,예리한 둔기,100.0
서머너,넘치는 교감,아드레날린,100.0
서머너,넘치는 교감,원한,97.95
서머너,넘치는 교감,돌격대장,96.82
서머너,넘치는 교감,질량 증가,56.36
서머너,넘치는 교감,저주받은 인형,28.86
서머너,넘치는 교감,타격의 대가,15.45
서머너,넘치는 교감,선수필승,3.64
서머너,넘치는 교감,안정된 상태,2.73
서머너,넘치는 교감,정기 흡수,2.5
서머너,넘치는 교감,에테르 포식자,2.5
서머너,넘치는 교감,마나 효율 증가,2.05
서머너,넘치는 교감,승부사,1.59
서머너,넘치는 교감,중갑 착용,1.59
서머너,넘치는 교감,정밀 단도,0.23
서머너,넘치는 교감,속전속결,0.23
서머너,넘치는 교감,이동속도 감소,0.23
소서리스,점화,아드레날린,100.0
소서리스,점화,속전속결,99.78
소서리스,점화,원한,99.48
소서리스,점화,타격의 대가,86.37
소서리스,점화,저주받은 인형,65.85
소서리스,점화,마나 효율 증가,26.26
소서리스,점화,예리한 둔기,19.03
소서리스,점화,안정된 상태,2.53
소서리스,점화,선수필승,2.27
소서리스,점화,에테르 포식자,1.79
소서리스,점화,승부사,1.36
소서리스,점화,돌격대장,1.18
소서리스,점화,정기 흡수,1.04
소서리스,점화,질량 증가,0.95
소서리스,점화,중갑 착용,0.52
소서리스,점화,정밀 단도,0.44
소서리스,점화,마나의 흐름,0.34
소서리스,점화,이동속도 감소,0.1
소서리스,점화,공격속도 감소,0.09
소서리스,점화,방어력 감소,0.09
소서리스,환류,아드레날린,100.0
소서리스,환류,원한,87.33
소서리스,환류,타격의 대가,78.39
소서리스,환류,마나 효율 증가,77.7
소서리스,환류,예리한 둔기,51.18
소서리스,환류,돌격대장,49.02
소서리스,환류,저주받은 인형,46.07
소서리스,환류,선수필승,28.68
소서리스,환류,속전속결,21.81
소서리스,환류,승부사,18.37
소서리스,환류,정기 흡수,10.71
소서리스,환류,중갑 착용,5.89
소서리스,환류,마나의 흐름,3.44
소서리스,환류,질량 증가,2.95
소서리스,환류,안정된 상태,2.95
소서리스,환류,에테르 포식자,2.36
소서리스,환류,정밀 단도,1.67
소서리스,환류,불굴,0.79
소서리스,환류,번개의 분노,0.59
소서리스,환류,각성,0.49
아르카나,황후의 은총,아드레날린,100.0
아르카나,황후의 은총,원한,99.55
아르카나,황후의 은총,돌격대장,99.37
아르카나,황후의 은총,저주받은 인형,91.8
아르카나,황후의 은총,질량 증가,47.37
아르카나,황후의 은총,안정된 상태,26.18
아르카나,황후의 은총,타격의 대가,18.14
아르카나,황후의 은총,마나 효율 증가,11.93
아르카나,황후의 은총,예리한 둔기,3.28
아르카나,황후의 은총,에테르 포식자,2.3
아르카나,황후의 은총,선수필승,1.19
아르카나,황후의 은총,승부사,0.71
아르카나,황후의 은총,정기 흡수,0.63
아르카나,황후의 은총,바리케이드,0.53
아르카나,황후의 은총,중갑 착용,0.4
아르카나,황후의 은총,정밀 단도,0.16
아르카나,황후의 은총,마나의 흐름,0.13
아르카나,황후의 은총,불굴,0.08
아르카나,황후의 은총,각성,0.08
아르카나,황후의 은총,방어력 감소,0.05
아르카나,황제의 칙령,돌격대장,100.0
아르카나,황제의 칙령,아드레날린,92.33
아르카나,황제의 칙령,원한,83.87
아르카나,황제의 칙령,저주받은 인형,66.85
아르카나,황제의 칙령,질량 증가,62.86
아르카나,황제의 칙령,타격의 대가,45.45
아르카나,황제의 칙령,선수필승,22.44
아르카나,황제의 칙령,승부사,15.73
아르카나,황제의 칙령,안정된 상태,11.9
아르카나,황제의 칙령,마나 효율 증가,9.03
아르카나,황제의 칙령,정기 흡수,7.11
아르카나,황제의 칙령,예리한 둔기,4.55
아르카나,황제의 칙령,중갑 착용,4.47
아르카나,황제의 칙령,마나의 흐름,2.32
아르카나,황제의 칙령,에테르 포식자,1.92
아르카나,황제의 칙령,각성,1.44
아르카나,황제의 칙령,정밀 단도,0.8
아르카나,황제의 칙령,번개의 분노,0.64
아르카나,황제의 칙령,불굴,0.56
아르카나,황제의 칙령,약자 무시,0.4
데모닉,멈출 수 없는 충동,예리한 둔기,100.0
데모닉,멈출 수 없는 충동,아드레날린,99.44
데모닉,멈출 수 없는 충동,원한,98.92
데모닉,멈출 수 없는 충동,돌격대장,98.88
데모닉,멈출 수 없는 충동,저주받은 인형,84.45
데모닉,멈출 수 없는 충동,타격의 대가,8.23
데모닉,멈출 수 없는 충동,안정된 상태,7.54
데모닉,멈출 수 없는 충동,선수필승,2.71
데모닉,멈출 수 없는 충동,에테르 포식자,2.63
데모닉,멈출 수 없는 충동,승부사,1.89
데모닉,멈출 수 없는 충동,정기 흡수,1.77
데모닉,멈출 수 없는 충동,질량 증가,1.42
데모닉,멈출 수 없는 충동,중갑 착용,0.26
데모닉,멈출 수 없는 충동,정밀 단도,0.26
데모닉,멈출 수 없는 충동,마나의 흐름,0.22
데모닉,멈출 수 없는 충동,공격속도 감소,0.13
데모닉,멈출 수 없는 충동,기습의 대가,0.09
데모닉,멈출 수 없는 충동,이동속도 감소,0.04
데모닉,멈출 수 없는 충동,공격력 감소,0.04
데모닉,멈출 수 없는 충동,불굴,0.04
데모닉,완벽한 억제,돌격대장,100.0
데모닉,완벽한 억제,아드레날린,94.85
데모닉,완벽한 억제,예리한 둔기,94.61
데모닉,완벽한 억제,원한,92.27
데모닉,완벽한 억제,저주받은 인형,76.35
데모닉,완벽한 억제,질량 증가,16.39
데모닉,완벽한 억제,선수필승,15.46
데모닉,완벽한 억제,기습의 대가,10.77
데모닉,완벽한 억제,승부사,10.54
데모닉,완벽한 억제,정기 흡수,6.56
데모닉,완벽한 억제,안정된 상태,3.98
데모닉,완벽한 억제,마나의 흐름,3.98
데모닉,완벽한 억제,마나 효율 증가,2.81
데모닉,완벽한 억제,중갑 착용,2.58
데모닉,완벽한 억제,타격의 대가,2.11
데모닉,완벽한 억제,정밀 단도,1.64
데모닉,완벽한 억제,불굴,0.47
데모닉,완벽한 억제,각성,0.47
데모닉,완벽한 억제,위기 모면,0.47
데모닉,완벽한 억제,에테르 포식자,0.47
리퍼,갈증,아드레날린,100.0
리퍼,갈증,돌격대장,99.28
리퍼,갈증,원한,98.75
리퍼,갈증,기습의 대가,98.05
리퍼,갈증,질량 증가,71.93
리퍼,갈증,예리한 둔기,17.76
리퍼,갈증,저주받은 인형,17.44
리퍼,갈증,선수필승,4.54
리퍼,갈증,승부사,2.94
리퍼,갈증,정기 흡수,2.69
리퍼,갈증,안정된 상태,1.69
리퍼,갈증,중갑 착용,1.32
리퍼,갈증,에테르 포식자,0.9
리퍼,갈증,마나의 흐름,0.46
리퍼,갈증,각성,0.32
리퍼,갈증,번개의 분노,0.23
리퍼,갈증,긴급구조,0.14
리퍼,갈증,강령술,0.12
리퍼,갈증,정밀 단도,0.12
리퍼,갈증,굳은 의지,0.12
리퍼,달의 소리,기습의 대가,100.0
리퍼,달의 소리,원한,100.0
리퍼,달의 소리,예리한 둔기,98.89
리퍼,달의 소리,아드레날린,97.98
리퍼,달의 소리,저주받은 인형,94.94
리퍼,달의 소리,안정된 상태,3.13
리퍼,달의 소리,에테르 포식자,2.53
리퍼,달의 소리,질량 증가,2.33
리퍼,달의 소리,돌격대장,1.82
리퍼,달의 소리,정기 흡수,1.31
리퍼,달의 소리,선수필승,1.21
리퍼,달의 소리,중갑 착용,1.11
리퍼,달의 소리,승부사,0.71
리퍼,달의 소리,바리케이드,0.61
리퍼,달의 소리,각성,0.51
리퍼,달의 소리,마나의 흐름,0.4
리퍼,달의 소리,불굴,0.4
리퍼,달의 소리,여신의 가호,0.3
리퍼,달의 소리,긴급구조,0.3
리퍼,달의 소리,정밀 단도,0.3
블레이드,잔재된 기운,아드레날린,100.0
블레이드,잔재된 기운,원한,97.55
블레이드,잔재된 기운,기습의 대가,96.81
블레이드,잔재된 기운,예리한 둔기,74.92
블레이드,잔재된 기운,돌격대장,68.58
블레이드,잔재된 기운,저주받은 인형,44.83
블레이드,잔재된 기운,슈퍼 차지,9.55
블레이드,잔재된 기운,선수필승,5.02
블레이드,잔재된 기운,질량 증가,3.68
블레이드,잔재된 기운,정기 흡수,3.42
블레이드,잔재된 기운,승부사,3.26
블레이드,잔재된 기운,안정된 상태,2.81
블레이드,잔재된 기운,중갑 착용,1.24
블레이드,잔재된 기운,마나의 흐름,0.89
블레이드,잔재된 기운,에테르 포식자,0.89
블레이드,잔재된 기운,마나 효율 증가,0.6
블레이드,잔재된 기운,불굴,0.25
블레이드,잔재된 기운,굳은 의지,0.24
블레이드,잔재된 기운,정밀 단도,0.17
블레이드,잔재된 기운,번개의 분노,0.15
블레이드,버스트 강화,아드레날린,100.0
블레이드,버스트 강화,원한,99.23
블레이드,버스트 강화,기습의 대가,99.05
블레이드,버스트 강화,예리한 둔기,93.29
블레이드,버스트 강화,저주받은 인형,79.95
블레이드,버스트 강화,돌격대장,17.38
블레이드,버스트 강화,질량 증가,6.45
블레이드,버스트 강화,안정된 상태,2.75
블레이드,버스트 강화,선수필승,2.07
블레이드,버스트 강화,에테르 포식자,1.72
블레이드,버스트 강화,정기 흡수,1.55
블레이드,버스트 강화,승부사,1.46
블레이드,버스트 강화,중갑 착용,0.86
블레이드,버스트 강화,마나 효율 증가,0.52
블레이드,버스트 강화,마나의 흐름,0.43
블레이드,버스트 강화,불굴,0.34
블레이드,버스트 강화,굳은 의지,0.26
블레이드,버스트 강화,번개의 분노,0.17
블레이드,버스트 강화,방어력 감소,0.17
블레이드,버스트 강화,강령술,0.09
소울이터,만월의 집행자,아드레날린,100.0
소울이터,만월의 집행자,예리한 둔기,99.09
소울이터,만월의 집행자,돌격대장,98.85
소울이터,만월의 집행자,원한,98.58
소울이터,만월의 집행자,저주받은 인형,60.64
소울이터,만월의 집행자,마나 효율 증가,32.59
소울이터,만월의 집행자,질량 증가,5.24
소울이터,만월의 집행자,타격의 대가,3.86
소울이터,만월의 집행자,선수필승,3.75
소울이터,만월의 집행자,승부사,2.33
소울이터,만월의 집행자,안정된 상태,2.14
소울이터,만월의 집행자,정기 흡수,1.88
소울이터,만월의 집행자,에테르 포식자,1.2
소울이터,만월의 집행자,중갑 착용,0.72
소울이터,만월의 집행자,마나의 흐름,0.5
소울이터,만월의 집행자,정밀 단도,0.33
소울이터,만월의 집행자,슈퍼 차지,0.14
소울이터,만월의 집행자,공격속도 감소,0.12
소울이터,만월의 집행자,번개의 분노,0.1
소울이터,만월의 집행자,약자 무시,0.09
소울이터,그믐의 경계,돌격대장,100.0
소울이터,그믐의 경계,예리한 둔기,96.97
소울이터,그믐의 경계,아드레날린,93.58
소울이터,그믐의 경계,원한,93.36
소울이터,그믐의 경계,저주받은 인형,79.68
소울이터,그믐의 경계,질량 증가,13.37
소울이터,그믐의 경계,선수필승,8.18
소울이터,그믐의 경계,마나 효율 증가,6.38
소울이터,그믐의 경계,승부사,4.93
소울이터,그믐의 경계,정기 흡수,3.65
소울이터,그믐의 경계,안정된 상태,3.25
소울이터,그믐의 경계,에테르 포식자,1.58
소울이터,그믐의 경계,중갑 착용,1.23
소울이터,그믐의 경계,마나의 흐름,0.7
소울이터,그믐의 경계,정밀 단도,0.62
소울이터,그믐의 경계,타격의 대가,0.44
소울이터,그믐의 경계,공격속도 감소,0.26
소울이터,그믐의 경계,각성,0.26
소울이터,그믐의 경계,불굴,0.26
소울이터,그믐의 경계,위기 모면,0.18
기상술사,질풍노도,원한,100.0
기상술사,질풍노도,돌격대장,99.91
기상술사,질풍노도,아드레날린,99.5
기상술사,질풍노도,타격의 대가,86.82
기상술사,질풍노도,저주받은 인형,81.4
기상술사,질풍노도,질량 증가,10.64
기상술사,질풍노도,안정된 상태,8.5
기상술사,질풍노도,마나 효율 증가,7.59
기상술사,질풍노도,에테르 포식자,4.5
기상술사,질풍노도,예리한 둔기,3.78
기상술사,질풍노도,선수필승,1.36
기상술사,질풍노도,정밀 단도,1.18
기상술사,질풍노도,승부사,0.75
기상술사,질풍노도,정기 흡수,0.6
기상술사,질풍노도,중갑 착용,0.32
기상술사,질풍노도,마나의 흐름,0.11
기상술사,질풍노도,이동속도 감소,0.09
기상술사,질풍노도,불굴,0.06
기상술사,질풍노도,전문의,0.06
기상술사,질풍노도,추진력,0.04
기상술사,이슬비,아드레날린,100.0
기상술사,이슬비,타격의 대가,95.47
기상술사,이슬비,원한,94.63
기상술사,이슬비,예리한 둔기,93.92
기상술사,이슬비,저주받은 인형,85.76
기상술사,이슬비,선수필승,17.35
기상술사,이슬비,질량 증가,15.79
기상술사,이슬비,돌격대장,12.82
기상술사,이슬비,안정된 상태,10.74
기상술사,이슬비,승부사,10.68
기상술사,이슬비,정기 흡수,5.24
기상술사,이슬비,마나 효율 증가,4.53
기상술사,이슬비,에테르 포식자,4.08
기상술사,이슬비,정밀 단도,1.68
기상술사,이슬비,중갑 착용,1.55
기상술사,이슬비,마나의 흐름,0.91
기상술사,이슬비,번개의 분노,0.32
기상술사,이슬비,이동속도 감소,0.32
기상술사,이슬비,약자 무시,0.19
기상술사,이슬비,여신의 가호,0.19
도화가,만개,각성,100.0
도화가,만개,마나의 흐름,99.33
도화가,만개,전문의,97.28
도화가,만개,중갑 착용,88.17
도화가,만개,구슬동자,71.83
도화가,만개,급소 타격,38.38
도화가,만개,최대 마나 증가,2.64
도화가,만개,선수필승,1.69
도화가,만개,돌격대장,1.43
도화가,만개,승부사,1.22
도화가,만개,저주받은 인형,1.17
도화가,만개,폭발물 전문가,1.14
도화가,만개,예리한 둔기,0.88
도화가,만개,아드레날린,0.84
도화가,만개,정기 흡수,0.79
도화가,만개,원한,0.77
도화가,만개,위기 모면,0.71
도화가,만개,마나 효율 증가,0.56
도화가,만개,방어력 감소,0.44
도화가,만개,공격력 감소,0.29
도화가,회귀,선수필승,100.0
도화가,회귀,돌격대장,93.06
도화가,회귀,저주받은 인형,82.53
도화가,회귀,예리한 둔기,67.35
도화가,회귀,승부사,65.31
도화가,회귀,아드레날린,62.04
도화가,회귀,마나의 흐름,49.06
도화가,회귀,원한,47.51
도화가,회귀,중갑 착용,40.41
도화가,회귀,각성,39.84
도화가,회귀,마나 효율 증가,38.45
도화가,회귀,전문의,30.12
도화가,회귀,구슬동자,21.39
도화가,회귀,정기 흡수,20.33
도화가,회귀,안정된 상태,17.63
도화가,회귀,질량 증가,16.33
도화가,회귀,타격의 대가,15.18
도화가,회귀,급소 타격,13.06
도화가,회귀,번개의 분노,2.86
도화가,회귀,정밀 단도,2.12
